"butik","vecka","antal_kvitton","zoner_count_TOTAL","zoner_convrate_TOTAL","zoner_count_Inkastare_entré","zoner_convrate_Inkastare_entré","zoner_count_Bake_off","zoner_convrate_Bake_off","zoner_count_Mejeri","zoner_convrate_Mejeri","zoner_count_Gavel_1","zoner_convrate_Gavel_1","zoner_count_Gavel_2","zoner_convrate_Gavel_2","kampanj_count_TOTAL","kampanj_convrate_TOTAL","skylttyp_count_kampanjvara","skylttyp_convrate_kampanjvara","kampanj_count_Kampanj_1_F&G_1","kampanj_convrate_Kampanj_1_F&G_1","kampanj_count_Kampanj_1_frallor_bullar_baguette_bake_off_bröd_om_ej_kampanj_multipris","kampanj_convrate_Kampanj_1_frallor_bullar_baguette_bake_off_bröd_om_ej_kampanj_multipris","kampanj_count_Kampanj_1_Mejeri","kampanj_convrate_Kampanj_1_Mejeri","kampanj_count_Kampanj_3_Bomben","kampanj_convrate_Kampanj_3_Bomben","kampanj_count_ABP","kampanj_convrate_ABP","skylttyp_count_TOTAL","skylttyp_convrate_TOTAL","skylttyp_count_veckans_klipp","skylttyp_convrate_veckans_klipp","skylttyp_count_alltid_bra_pris","skylttyp_convrate_alltid_bra_pris","skylttyp_count_klubbpris","skylttyp_convrate_klubbpris"
"UPPSALA VÄSTERTORG",202234,8439,2368,0.280601967057708,997,0.118141959947861,157,0.0186041000118497,318,0.0376821898329186,878,0.104040763123593,18,0.00213295414148596,2368,0.280601967057708,997,0.118141959947861,997,0.118141959947861,157,0.0186041000118497,318,0.0376821898329186,878,0.104040763123593,18,0.00213295414148596,2368,0.280601967057708,878,0.104040763123593,175,0.0207370541533357,318,0.0376821898329186
"UPPSALA VÄSTERTORG",202233,8577,290,0.0338113559519646,50,0.00582954412964906,146,0.0170222688585753,42,0.00489681706890521,23,0.00268159029963857,29,0.00338113559519646,290,0.0338113559519646,50,0.00582954412964906,50,0.00582954412964906,146,0.0170222688585753,42,0.00489681706890521,23,0.00268159029963857,29,0.00338113559519646,290,0.0338113559519646,23,0.00268159029963857,175,0.0204034044537717,42,0.00489681706890521
"UPPSALA VÄSTERTORG",202232,7464,283,0.0379153269024652,66,0.00884244372990354,143,0.0191586280814577,43,0.0057609860664523,19,0.00254555198285102,12,0.00160771704180064,283,0.0379153269024652,66,0.00884244372990354,66,0.00884244372990354,143,0.0191586280814577,43,0.0057609860664523,19,0.00254555198285102,12,0.00160771704180064,283,0.0379153269024652,19,0.00254555198285102,155,0.0207663451232583,43,0.0057609860664523
"UPPSALA VÄSTERTORG",202231,6750,211,0.0312592592592593,55,0.00814814814814815,81,0.012,34,0.00503703703703704,31,0.00459259259259259,10,0.00148148148148148,211,0.0312592592592593,55,0.00814814814814815,55,0.00814814814814815,81,0.012,34,0.00503703703703704,31,0.00459259259259259,10,0.00148148148148148,211,0.0312592592592593,31,0.00459259259259259,91,0.0134814814814815,34,0.00503703703703704
"UPPSALA VÄSTERTORG",202230,6874,303,0.0440791387838231,145,0.0210939773057899,91,0.0132382892057026,38,0.00552807681117253,21,0.00305498981670061,8,0.00116380564445738,303,0.0440791387838231,145,0.0210939773057899,145,0.0210939773057899,91,0.0132382892057026,38,0.00552807681117253,21,0.00305498981670061,8,0.00116380564445738,303,0.0440791387838231,21,0.00305498981670061,99,0.01440209485016,38,0.00552807681117253
"UPPSALA VÄSTERTORG",202229,6775,201,0.0296678966789668,59,0.00870848708487085,70,0.0103321033210332,37,0.00546125461254613,18,0.00265682656826568,17,0.00250922509225092,201,0.0296678966789668,59,0.00870848708487085,59,0.00870848708487085,70,0.0103321033210332,37,0.00546125461254613,18,0.00265682656826568,17,0.00250922509225092,201,0.0296678966789668,18,0.00265682656826568,87,0.0128413284132841,37,0.00546125461254613
"UPPSALA VÄSTERTORG",202228,6838,271,0.0396314711904066,70,0.0102369113775958,130,0.0190114068441065,25,0.00365603977771278,23,0.00336355659549576,23,0.00336355659549576,271,0.0396314711904066,70,0.0102369113775958,70,0.0102369113775958,130,0.0190114068441065,25,0.00365603977771278,23,0.00336355659549576,23,0.00336355659549576,271,0.0396314711904066,23,0.00336355659549576,153,0.0223749634396022,25,0.00365603977771278
"UPPSALA VÄSTERTORG",202227,6995,242,0.0345961401000715,72,0.0102930664760543,87,0.0124374553252323,36,0.00514653323802716,29,0.0041458184417441,18,0.00257326661901358,242,0.0345961401000715,72,0.0102930664760543,72,0.0102930664760543,87,0.0124374553252323,36,0.00514653323802716,29,0.0041458184417441,18,0.00257326661901358,242,0.0345961401000715,29,0.0041458184417441,105,0.0150107219442459,36,0.00514653323802716
"UPPSALA VÄSTERTORG",202226,7297,230,0.0315198026586268,40,0.00548170481019597,132,0.0180896258736467,30,0.00411127860764698,11,0.00150746882280389,17,0.00232972454433329,230,0.0315198026586268,40,0.00548170481019597,40,0.00548170481019597,132,0.0180896258736467,30,0.00411127860764698,11,0.00150746882280389,17,0.00232972454433329,230,0.0315198026586268,11,0.00150746882280389,149,0.02041935041798,30,0.00411127860764698
"UPPSALA VÄSTERTORG",202225,7309,281,0.0384457518128335,73,0.00998768641401012,144,0.0197017375838008,30,0.00410452866329183,16,0.00218908195375564,18,0.0024627171979751,281,0.0384457518128335,73,0.00998768641401012,73,0.00998768641401012,144,0.0197017375838008,30,0.00410452866329183,16,0.00218908195375564,18,0.0024627171979751,281,0.0384457518128335,16,0.00218908195375564,162,0.0221644547817759,30,0.00410452866329183
"UPPSALA VÄSTERTORG",202224,8162,400,0.0490075961774075,159,0.0194805194805195,152,0.0186228865474148,49,0.00600343053173242,24,0.00294045577064445,16,0.0019603038470963,400,0.0490075961774075,159,0.0194805194805195,159,0.0194805194805195,152,0.0186228865474148,49,0.00600343053173242,24,0.00294045577064445,16,0.0019603038470963,400,0.0490075961774075,24,0.00294045577064445,168,0.0205831903945112,49,0.00600343053173242
"UPPSALA VÄSTERTORG",202223,8481,589,0.0694493573871006,89,0.0104940455135008,168,0.0198089847895295,265,0.0312463152930079,45,0.00530597806862398,22,0.00259403372243839,589,0.0694493573871006,89,0.0104940455135008,89,0.0104940455135008,168,0.0198089847895295,265,0.0312463152930079,45,0.00530597806862398,22,0.00259403372243839,589,0.0694493573871006,45,0.00530597806862398,190,0.0224030185119679,265,0.0312463152930079
"UPPSALA VÄSTERTORG",202222,8677,330,0.0380315777342399,66,0.00760631554684799,171,0.0197072720986516,40,0.0046098882102109,24,0.00276593292612654,29,0.0033421689524029,330,0.0380315777342399,66,0.00760631554684799,66,0.00760631554684799,171,0.0197072720986516,40,0.0046098882102109,24,0.00276593292612654,29,0.0033421689524029,330,0.0380315777342399,24,0.00276593292612654,200,0.0230494410510545,40,0.0046098882102109
"UPPSALA VÄSTERTORG",202221,8337,332,0.0398224781096318,79,0.00947583063452081,153,0.0183519251529327,35,0.00419815281276238,33,0.00395825836631882,32,0.00383831114309704,332,0.0398224781096318,79,0.00947583063452081,79,0.00947583063452081,153,0.0183519251529327,35,0.00419815281276238,33,0.00395825836631882,32,0.00383831114309704,332,0.0398224781096318,33,0.00395825836631882,185,0.0221902362960297,35,0.00419815281276238
"UPPSALA VÄSTERTORG",202220,8764,522,0.0595618439068918,160,0.0182565038795071,179,0.0204244637151985,41,0.00467822911912369,117,0.0133500684618895,25,0.00285257873117298,522,0.0595618439068918,160,0.0182565038795071,160,0.0182565038795071,179,0.0204244637151985,41,0.00467822911912369,117,0.0133500684618895,25,0.00285257873117298,522,0.0595618439068918,117,0.0133500684618895,204,0.0232770424463715,41,0.00467822911912369
"UPPSALA VÄSTERTORG",202219,8617,341,0.0395729372171289,82,0.00951607287919229,131,0.015202506672856,47,0.0054543344551468,49,0.00568643379366369,32,0.00371358941627016,341,0.0395729372171289,82,0.00951607287919229,82,0.00951607287919229,131,0.015202506672856,47,0.0054543344551468,49,0.00568643379366369,32,0.00371358941627016,341,0.0395729372171289,49,0.00568643379366369,163,0.0189160960891261,47,0.0054543344551468
"UPPSALA VÄSTERTORG",202218,8613,342,0.0397074190177638,89,0.010333217229769,142,0.0164867061418786,48,0.00557297109021247,34,0.0039475211889005,29,0.00336700336700337,342,0.0397074190177638,89,0.010333217229769,89,0.010333217229769,142,0.0164867061418786,48,0.00557297109021247,34,0.0039475211889005,29,0.00336700336700337,342,0.0397074190177638,34,0.0039475211889005,171,0.0198537095088819,48,0.00557297109021247
"UPPSALA VÄSTERTORG",202217,8670,712,0.0821222606689735,88,0.0101499423298731,165,0.0190311418685121,406,0.0468281430219146,26,0.00299884659746251,27,0.00311418685121107,712,0.0821222606689735,88,0.0101499423298731,88,0.0101499423298731,165,0.0190311418685121,406,0.0468281430219146,26,0.00299884659746251,27,0.00311418685121107,712,0.0821222606689735,26,0.00299884659746251,192,0.0221453287197232,406,0.0468281430219146
"UPPSALA VÄSTERTORG",202216,8624,321,0.037221706864564,92,0.0106679035250464,127,0.0147263450834879,45,0.00521799628942486,34,0.00394248608534323,23,0.0026669758812616,321,0.037221706864564,92,0.0106679035250464,92,0.0106679035250464,127,0.0147263450834879,45,0.00521799628942486,34,0.00394248608534323,23,0.0026669758812616,321,0.037221706864564,34,0.00394248608534323,150,0.0173933209647495,45,0.00521799628942486
"UPPSALA VÄSTERTORG",202215,7268,251,0.0345349477160154,58,0.00798018712162906,120,0.0165107319757843,48,0.0066042927903137,10,0.00137589433131536,15,0.00206384149697303,251,0.0345349477160154,58,0.00798018712162906,58,0.00798018712162906,120,0.0165107319757843,48,0.0066042927903137,10,0.00137589433131536,15,0.00206384149697303,251,0.0345349477160154,10,0.00137589433131536,135,0.0185745734727573,48,0.0066042927903137
"UPPSALA VÄSTERTORG",202214,7915,274,0.0346178142766898,64,0.00808591282375237,103,0.0130132659507265,44,0.00555906506632975,24,0.00303221730890714,39,0.0049273531269741,274,0.0346178142766898,64,0.00808591282375237,64,0.00808591282375237,103,0.0130132659507265,44,0.00555906506632975,24,0.00303221730890714,39,0.0049273531269741,274,0.0346178142766898,24,0.00303221730890714,142,0.0179406190777006,44,0.00555906506632975
"UPPSALA VÄSTERTORG",202213,8286,431,0.0520154477431813,220,0.0265508085928071,92,0.0111030654115375,39,0.00470673425054309,47,0.00567221819937244,33,0.00398262128892107,431,0.0520154477431813,220,0.0265508085928071,220,0.0265508085928071,92,0.0111030654115375,39,0.00470673425054309,47,0.00567221819937244,33,0.00398262128892107,431,0.0520154477431813,47,0.00567221819937244,125,0.0150856867004586,39,0.00470673425054309
"UPPSALA VÄSTERTORG",202212,8440,378,0.0447867298578199,107,0.0126777251184834,127,0.0150473933649289,52,0.00616113744075829,55,0.00651658767772512,37,0.00438388625592417,378,0.0447867298578199,107,0.0126777251184834,107,0.0126777251184834,127,0.0150473933649289,52,0.00616113744075829,55,0.00651658767772512,37,0.00438388625592417,378,0.0447867298578199,55,0.00651658767772512,164,0.0194312796208531,52,0.00616113744075829
"UPPSALA VÄSTERTORG",202211,8251,364,0.0441158647436674,99,0.0119985456308326,136,0.0164828505635681,50,0.00605987153072355,51,0.00618106896133802,28,0.00339352805720519,364,0.0441158647436674,99,0.0119985456308326,99,0.0119985456308326,136,0.0164828505635681,50,0.00605987153072355,51,0.00618106896133802,28,0.00339352805720519,364,0.0441158647436674,51,0.00618106896133802,164,0.0198763786207732,50,0.00605987153072355
"UPPSALA VÄSTERTORG",202210,8070,385,0.0477075588599752,91,0.011276332094176,136,0.0168525402726146,80,0.00991325898389095,53,0.00656753407682776,25,0.00309789343246592,385,0.0477075588599752,91,0.011276332094176,91,0.011276332094176,136,0.0168525402726146,80,0.00991325898389095,53,0.00656753407682776,25,0.00309789343246592,385,0.0477075588599752,53,0.00656753407682776,161,0.0199504337050805,80,0.00991325898389095
"UPPSALA VÄSTERTORG",202209,8308,742,0.0893115069812229,108,0.0129995185363505,91,0.010953298025999,443,0.0533220991815118,56,0.00674049109292248,44,0.00529610014443909,742,0.0893115069812229,108,0.0129995185363505,108,0.0129995185363505,91,0.010953298025999,443,0.0533220991815118,56,0.00674049109292248,44,0.00529610014443909,742,0.0893115069812229,56,0.00674049109292248,135,0.0162493981704381,443,0.0533220991815118
"UPPSALA VÄSTERTORG",202208,7292,519,0.0711738891936369,226,0.0309928688974218,154,0.0211190345584202,57,0.0078167855183763,60,0.00822819528250137,22,0.00301700493691717,519,0.0711738891936369,226,0.0309928688974218,226,0.0309928688974218,154,0.0211190345584202,57,0.0078167855183763,60,0.00822819528250137,22,0.00301700493691717,519,0.0711738891936369,60,0.00822819528250137,176,0.0241360394953374,57,0.0078167855183763
"UPPSALA VÄSTERTORG",202207,8153,362,0.0444008340488164,90,0.0110388813933521,132,0.0161903593769165,66,0.00809517968845824,49,0.00601005764749172,25,0.00306635594259782,362,0.0444008340488164,90,0.0110388813933521,90,0.0110388813933521,132,0.0161903593769165,66,0.00809517968845824,49,0.00601005764749172,25,0.00306635594259782,362,0.0444008340488164,49,0.00601005764749172,157,0.0192567153195143,66,0.00809517968845824
"UPPSALA VÄSTERTORG",202206,7882,541,0.0686374016747019,103,0.0130677493022076,319,0.0404719614311089,35,0.0044404973357016,47,0.005962953565085,37,0.00469424004059883,541,0.0686374016747019,103,0.0130677493022076,103,0.0130677493022076,319,0.0404719614311089,35,0.0044404973357016,47,0.005962953565085,37,0.00469424004059883,541,0.0686374016747019,47,0.005962953565085,356,0.0451662014717077,35,0.0044404973357016
"UPPSALA VÄSTERTORG",202205,7954,1360,0.1709831531305,576,0.0724163942670355,106,0.0133266281116419,117,0.0147095800854916,532,0.0668845863716369,29,0.00364596429469449,1360,0.1709831531305,576,0.0724163942670355,576,0.0724163942670355,106,0.0133266281116419,117,0.0147095800854916,532,0.0668845863716369,29,0.00364596429469449,1360,0.1709831531305,532,0.0668845863716369,135,0.0169725924063364,117,0.0147095800854916
"UPPSALA VÄSTERTORG",202204,7721,636,0.0823727496438285,197,0.0255148296852739,89,0.0115270042740578,308,0.0398912058023572,22,0.00284937184302551,20,0.0025903380391141,636,0.0823727496438285,197,0.0255148296852739,197,0.0255148296852739,89,0.0115270042740578,308,0.0398912058023572,22,0.00284937184302551,20,0.0025903380391141,636,0.0823727496438285,22,0.00284937184302551,109,0.0141173423131719,308,0.0398912058023572
"UPPSALA VÄSTERTORG",202203,8031,294,0.0366081434441539,75,0.00933881210310048,79,0.00983688208193251,66,0.00821815465072843,29,0.00361100734653219,45,0.00560328726186029,294,0.0366081434441539,75,0.00933881210310048,75,0.00933881210310048,79,0.00983688208193251,66,0.00821815465072843,29,0.00361100734653219,45,0.00560328726186029,294,0.0366081434441539,29,0.00361100734653219,124,0.0154401693437928,66,0.00821815465072843
"UPPSALA VÄSTERTORG",202202,7903,296,0.0374541313425282,67,0.00847779324307225,113,0.0142983677084651,45,0.00569404023788435,21,0.00265721877767936,50,0.00632671137542705,296,0.0374541313425282,67,0.00847779324307225,67,0.00847779324307225,113,0.0142983677084651,45,0.00569404023788435,21,0.00265721877767936,50,0.00632671137542705,296,0.0374541313425282,21,0.00265721877767936,163,0.0206250790838922,45,0.00569404023788435
"UPPSALA VÄSTERTORG",202201,7243,291.182,0.040201850062129,66.182,0.00913737401629159,98,0.0135303051221869,64,0.00883611763081596,22,0.00303741543559299,41,0.00566063785724147,291.182,0.040201850062129,66.182,0.00913737401629159,66.182,0.00913737401629159,98,0.0135303051221869,64,0.00883611763081596,22,0.00303741543559299,41,0.00566063785724147,291.182,0.040201850062129,22,0.00303741543559299,139,0.0191909429794284,64,0.00883611763081596
"OSKARSTRÖM BLÅKLINTSVÄGEN",202234,5449,2341,0.429620113782345,1218,0.223527252706919,104,0.019086070838686,47,0.00862543585979079,963,0.176729675169756,9,0.00165167920719398,2341,0.429620113782345,1218,0.223527252706919,1218,0.223527252706919,104,0.019086070838686,47,0.00862543585979079,963,0.176729675169756,9,0.00165167920719398,2341,0.429620113782345,963,0.176729675169756,113,0.02073775004588,47,0.00862543585979079
"OSKARSTRÖM BLÅKLINTSVÄGEN",202233,5986,386,0.0644837955228867,132,0.0220514533912462,128,0.0213832275309054,15,0.00250584697627798,104,0.0173738723688607,7,0.00116939525559639,386,0.0644837955228867,132,0.0220514533912462,132,0.0220514533912462,128,0.0213832275309054,15,0.00250584697627798,104,0.0173738723688607,7,0.00116939525559639,386,0.0644837955228867,104,0.0173738723688607,135,0.0225526227865018,15,0.00250584697627798
"OSKARSTRÖM BLÅKLINTSVÄGEN",202232,5809,353,0.0607677741435703,139,0.0239283869857118,114,0.0196247202616629,15,0.00258220003442933,82,0.0141160268548804,3,0.000516440006885867,353,0.0607677741435703,139,0.0239283869857118,139,0.0239283869857118,114,0.0196247202616629,15,0.00258220003442933,82,0.0141160268548804,3,0.000516440006885867,353,0.0607677741435703,82,0.0141160268548804,117,0.0201411602685488,15,0.00258220003442933
"OSKARSTRÖM BLÅKLINTSVÄGEN",202231,5588,321,0.0574445239799571,108,0.01932712956335,147,0.0263063707945598,14,0.00250536864710093,48,0.00858983536148891,4,0.000715819613457409,321,0.0574445239799571,108,0.01932712956335,108,0.01932712956335,147,0.0263063707945598,14,0.00250536864710093,48,0.00858983536148891,4,0.000715819613457409,321,0.0574445239799571,48,0.00858983536148891,151,0.0270221904080172,14,0.00250536864710093
"OSKARSTRÖM BLÅKLINTSVÄGEN",202230,5499,388,0.0705582833242408,236,0.0429168939807238,95,0.0172758683396981,17,0.00309147117657756,32,0.00581923986179305,8,0.00145480996544826,388,0.0705582833242408,236,0.0429168939807238,236,0.0429168939807238,95,0.0172758683396981,17,0.00309147117657756,32,0.00581923986179305,8,0.00145480996544826,388,0.0705582833242408,32,0.00581923986179305,103,0.0187306783051464,17,0.00309147117657756
"OSKARSTRÖM BLÅKLINTSVÄGEN",202229,5777,244,0.0422364549073914,87,0.0150597195776355,117,0.0202527263285442,18,0.00311580405054527,18,0.00311580405054527,4,0.00069240090012117,244,0.0422364549073914,87,0.0150597195776355,87,0.0150597195776355,117,0.0202527263285442,18,0.00311580405054527,18,0.00311580405054527,4,0.00069240090012117,244,0.0422364549073914,18,0.00311580405054527,121,0.0209451272286654,18,0.00311580405054527
"OSKARSTRÖM BLÅKLINTSVÄGEN",202228,5652,246,0.0435244161358811,57,0.0100849256900212,139,0.0245930644019816,13,0.00230007077140835,25,0.00442321302193914,12,0.00212314225053079,246,0.0435244161358811,57,0.0100849256900212,57,0.0100849256900212,139,0.0245930644019816,13,0.00230007077140835,25,0.00442321302193914,12,0.00212314225053079,246,0.0435244161358811,25,0.00442321302193914,151,0.0267162066525124,13,0.00230007077140835
"OSKARSTRÖM BLÅKLINTSVÄGEN",202227,5635,223,0.0395740905057675,74,0.0131322094055013,97,0.0172138420585626,13,0.00230700976042591,29,0.00514640638864241,10,0.00177462289263532,223,0.0395740905057675,74,0.0131322094055013,74,0.0131322094055013,97,0.0172138420585626,13,0.00230700976042591,29,0.00514640638864241,10,0.00177462289263532,223,0.0395740905057675,29,0.00514640638864241,107,0.0189884649511979,13,0.00230700976042591
"OSKARSTRÖM BLÅKLINTSVÄGEN",202226,5365,187,0.0348555452003728,32,0.0059645852749301,121,0.0225535880708294,14,0.00260950605778192,14,0.00260950605778192,6,0.00111835973904939,187,0.0348555452003728,32,0.0059645852749301,32,0.0059645852749301,121,0.0225535880708294,14,0.00260950605778192,14,0.00260950605778192,6,0.00111835973904939,187,0.0348555452003728,14,0.00260950605778192,127,0.0236719478098788,14,0.00260950605778192
"OSKARSTRÖM BLÅKLINTSVÄGEN",202225,5916,241,0.040736984448952,67,0.0113252197430696,140,0.0236646382691007,15,0.00253549695740365,12,0.00202839756592292,7,0.00118323191345504,241,0.040736984448952,67,0.0113252197430696,67,0.0113252197430696,140,0.0236646382691007,15,0.00253549695740365,12,0.00202839756592292,7,0.00118323191345504,241,0.040736984448952,12,0.00202839756592292,147,0.0248478701825558,15,0.00253549695740365
"OSKARSTRÖM BLÅKLINTSVÄGEN",202224,5852,443,0.0757006151742994,265,0.0452836637047163,113,0.0193096377306904,40,0.00683526999316473,20,0.00341763499658236,5,0.000854408749145591,443,0.0757006151742994,265,0.0452836637047163,265,0.0452836637047163,113,0.0193096377306904,40,0.00683526999316473,20,0.00341763499658236,5,0.000854408749145591,443,0.0757006151742994,20,0.00341763499658236,118,0.020164046479836,40,0.00683526999316473
"OSKARSTRÖM BLÅKLINTSVÄGEN",202223,5873,252,0.0429082240762813,66,0.0112378682104546,118,0.0200919461944492,41,0.00698109994891878,21,0.00357568533969011,6,0.0010216243827686,252,0.0429082240762813,66,0.0112378682104546,66,0.0112378682104546,118,0.0200919461944492,41,0.00698109994891878,21,0.00357568533969011,6,0.0010216243827686,252,0.0429082240762813,21,0.00357568533969011,124,0.0211135705772178,41,0.00698109994891878
"OSKARSTRÖM BLÅKLINTSVÄGEN",202222,5778,249,0.0430944963655244,54,0.00934579439252336,151,0.0261336102457598,20,0.00346140533056421,11,0.00190377293181032,13,0.00224991346486674,249,0.0430944963655244,54,0.00934579439252336,54,0.00934579439252336,151,0.0261336102457598,20,0.00346140533056421,11,0.00190377293181032,13,0.00224991346486674,249,0.0430944963655244,11,0.00190377293181032,164,0.0283835237106265,20,0.00346140533056421
"OSKARSTRÖM BLÅKLINTSVÄGEN",202221,5725,278,0.0485589519650655,70,0.0122270742358079,176,0.0307423580786026,9,0.00157205240174672,16,0.00279475982532751,7,0.00122270742358079,278,0.0485589519650655,70,0.0122270742358079,70,0.0122270742358079,176,0.0307423580786026,9,0.00157205240174672,16,0.00279475982532751,7,0.00122270742358079,278,0.0485589519650655,16,0.00279475982532751,183,0.0319650655021834,9,0.00157205240174672
"OSKARSTRÖM BLÅKLINTSVÄGEN",202220,5821,402,0.0690602989177117,134,0.0230200996392372,157,0.0269713107713451,15,0.00257687682528775,92,0.0158048445284315,4,0.000687167153410067,402,0.0690602989177117,134,0.0230200996392372,134,0.0230200996392372,157,0.0269713107713451,15,0.00257687682528775,92,0.0158048445284315,4,0.000687167153410067,402,0.0690602989177117,92,0.0158048445284315,161,0.0276584779247552,15,0.00257687682528775
"OSKARSTRÖM BLÅKLINTSVÄGEN",202219,5657,294,0.0519710093689235,83,0.0146720876789818,139,0.0245713275587767,25,0.0044193035177656,41,0.00724765776913558,6,0.00106063284426374,294,0.0519710093689235,83,0.0146720876789818,83,0.0146720876789818,139,0.0245713275587767,25,0.0044193035177656,41,0.00724765776913558,6,0.00106063284426374,294,0.0519710093689235,41,0.00724765776913558,145,0.0256319604030405,25,0.0044193035177656
"OSKARSTRÖM BLÅKLINTSVÄGEN",202218,5555,221.504,0.0398747074707471,76.504,0.013772097209721,94,0.0169216921692169,7,0.00126012601260126,40,0.0072007200720072,4,0.00072007200720072,221.504,0.0398747074707471,76.504,0.013772097209721,76.504,0.013772097209721,94,0.0169216921692169,7,0.00126012601260126,40,0.0072007200720072,4,0.00072007200720072,221.504,0.0398747074707471,40,0.0072007200720072,98,0.0176417641764176,7,0.00126012601260126
"OSKARSTRÖM BLÅKLINTSVÄGEN",202217,5454,343,0.0628896222955629,93,0.0170517051705171,134,0.0245691235790246,91,0.0166850018335167,19,0.00348368170150348,6,0.0011001100110011,343,0.0628896222955629,93,0.0170517051705171,93,0.0170517051705171,134,0.0245691235790246,91,0.0166850018335167,19,0.00348368170150348,6,0.0011001100110011,343,0.0628896222955629,19,0.00348368170150348,140,0.0256692335900257,91,0.0166850018335167
"OSKARSTRÖM BLÅKLINTSVÄGEN",202216,5827,383,0.0657285052342543,107,0.0183627938905097,192,0.0329500600652137,21,0.00360391281963274,54,0.00926720439334134,9,0.00154453406555689,383,0.0657285052342543,107,0.0183627938905097,107,0.0183627938905097,192,0.0329500600652137,21,0.00360391281963274,54,0.00926720439334134,9,0.00154453406555689,383,0.0657285052342543,54,0.00926720439334134,201,0.0344945941307706,21,0.00360391281963274
"OSKARSTRÖM BLÅKLINTSVÄGEN",202215,5849,281,0.0480424004103265,75,0.0128227047358523,146,0.0249615318857924,17,0.00290647974012652,38,0.00649683706616516,5,0.000854846982390152,281,0.0480424004103265,75,0.0128227047358523,75,0.0128227047358523,146,0.0249615318857924,17,0.00290647974012652,38,0.00649683706616516,5,0.000854846982390152,281,0.0480424004103265,38,0.00649683706616516,151,0.0258163788681826,17,0.00290647974012652
"OSKARSTRÖM BLÅKLINTSVÄGEN",202214,5417,258,0.0476278382868747,69,0.0127376776813735,136,0.0251061473140114,17,0.00313826841425143,27,0.00498430865792874,9,0.00166143621930958,258,0.0476278382868747,69,0.0127376776813735,69,0.0127376776813735,136,0.0251061473140114,17,0.00313826841425143,27,0.00498430865792874,9,0.00166143621930958,258,0.0476278382868747,27,0.00498430865792874,145,0.026767583533321,17,0.00313826841425143
"OSKARSTRÖM BLÅKLINTSVÄGEN",202213,5377,533,0.09912590663939,292,0.0543053747442812,160,0.0297563697228938,21,0.00390552352612981,52,0.00967082015994049,8,0.00148781848614469,533,0.09912590663939,292,0.0543053747442812,292,0.0543053747442812,160,0.0297563697228938,21,0.00390552352612981,52,0.00967082015994049,8,0.00148781848614469,533,0.09912590663939,52,0.00967082015994049,168,0.0312441882090385,21,0.00390552352612981
"OSKARSTRÖM BLÅKLINTSVÄGEN",202212,5456,291,0.0533357771260997,90,0.0164956011730205,149,0.0273093841642229,18,0.00329912023460411,30,0.00549853372434018,4,0.000733137829912023,291,0.0533357771260997,90,0.0164956011730205,90,0.0164956011730205,149,0.0273093841642229,18,0.00329912023460411,30,0.00549853372434018,4,0.000733137829912023,291,0.0533357771260997,30,0.00549853372434018,153,0.0280425219941349,18,0.00329912023460411
"OSKARSTRÖM BLÅKLINTSVÄGEN",202211,5340,338,0.0632958801498127,106,0.0198501872659176,147,0.0275280898876404,17,0.00318352059925094,64,0.0119850187265918,4,0.000749063670411985,338,0.0632958801498127,106,0.0198501872659176,106,0.0198501872659176,147,0.0275280898876404,17,0.00318352059925094,64,0.0119850187265918,4,0.000749063670411985,338,0.0632958801498127,64,0.0119850187265918,151,0.0282771535580524,17,0.00318352059925094
"OSKARSTRÖM BLÅKLINTSVÄGEN",202210,5261,293,0.0556928340619654,76,0.0144459228283596,121,0.0229994297662041,23,0.00437179243489831,50,0.00950389659760502,23,0.00437179243489831,293,0.0556928340619654,76,0.0144459228283596,76,0.0144459228283596,121,0.0229994297662041,23,0.00437179243489831,50,0.00950389659760502,23,0.00437179243489831,293,0.0556928340619654,50,0.00950389659760502,144,0.0273712222011025,23,0.00437179243489831
"OSKARSTRÖM BLÅKLINTSVÄGEN",202209,5146,333,0.0647104547221143,94,0.0182666148464827,115,0.0223474543334629,69,0.0134084726000777,40,0.00777302759424796,15,0.00291488534784298,333,0.0647104547221143,94,0.0182666148464827,94,0.0182666148464827,115,0.0223474543334629,69,0.0134084726000777,40,0.00777302759424796,15,0.00291488534784298,333,0.0647104547221143,40,0.00777302759424796,130,0.0252623396813059,69,0.0134084726000777
"OSKARSTRÖM BLÅKLINTSVÄGEN",202208,5255,643,0.122359657469077,380,0.0723120837297812,188,0.0357754519505233,15,0.00285442435775452,53,0.0100856327307326,7,0.00133206470028544,643,0.122359657469077,380,0.0723120837297812,380,0.0723120837297812,188,0.0357754519505233,15,0.00285442435775452,53,0.0100856327307326,7,0.00133206470028544,643,0.122359657469077,53,0.0100856327307326,195,0.0371075166508088,15,0.00285442435775452
"OSKARSTRÖM BLÅKLINTSVÄGEN",202207,5435,315,0.0579576816927323,86,0.0158233670653174,161,0.0296228150873965,19,0.00349586016559338,41,0.00754369825206992,8,0.00147194112235511,315,0.0579576816927323,86,0.0158233670653174,86,0.0158233670653174,161,0.0296228150873965,19,0.00349586016559338,41,0.00754369825206992,8,0.00147194112235511,315,0.0579576816927323,41,0.00754369825206992,169,0.0310947562097516,19,0.00349586016559338
"OSKARSTRÖM BLÅKLINTSVÄGEN",202206,5040,323,0.0640873015873016,76,0.0150793650793651,191,0.0378968253968254,12,0.00238095238095238,28,0.00555555555555556,16,0.00317460317460317,323,0.0640873015873016,76,0.0150793650793651,76,0.0150793650793651,191,0.0378968253968254,12,0.00238095238095238,28,0.00555555555555556,16,0.00317460317460317,323,0.0640873015873016,28,0.00555555555555556,207,0.0410714285714286,12,0.00238095238095238
"OSKARSTRÖM BLÅKLINTSVÄGEN",202205,4838,1086,0.224472922695329,504,0.104175279040926,102,0.0210830921868541,11,0.00227366680446465,453,0.093633732947499,16,0.00330715171558495,1086,0.224472922695329,504,0.104175279040926,504,0.104175279040926,102,0.0210830921868541,11,0.00227366680446465,453,0.093633732947499,16,0.00330715171558495,1086,0.224472922695329,453,0.093633732947499,118,0.024390243902439,11,0.00227366680446465
"OSKARSTRÖM BLÅKLINTSVÄGEN",202204,4826,577,0.119560712805636,332,0.0687940323249068,115,0.0238292581848322,98,0.0203066721922918,21,0.00435142975549109,11,0.00227932034811438,577,0.119560712805636,332,0.0687940323249068,332,0.0687940323249068,115,0.0238292581848322,98,0.0203066721922918,21,0.00435142975549109,11,0.00227932034811438,577,0.119560712805636,21,0.00435142975549109,126,0.0261085785329465,98,0.0203066721922918
"OSKARSTRÖM BLÅKLINTSVÄGEN",202203,4984,226,0.0453451043338684,74,0.0148475120385233,94,0.018860353130016,18,0.0036115569823435,31,0.0062199036918138,9,0.00180577849117175,226,0.0453451043338684,74,0.0148475120385233,74,0.0148475120385233,94,0.018860353130016,18,0.0036115569823435,31,0.0062199036918138,9,0.00180577849117175,226,0.0453451043338684,31,0.0062199036918138,103,0.0206661316211878,18,0.0036115569823435
"OSKARSTRÖM BLÅKLINTSVÄGEN",202202,4925,205,0.0416243654822335,51,0.0103553299492386,93,0.0188832487309645,22,0.00446700507614213,31,0.00629441624365482,8,0.0016243654822335,205,0.0416243654822335,51,0.0103553299492386,51,0.0103553299492386,93,0.0188832487309645,22,0.00446700507614213,31,0.00629441624365482,8,0.0016243654822335,205,0.0416243654822335,31,0.00629441624365482,101,0.020507614213198,22,0.00446700507614213
"OSKARSTRÖM BLÅKLINTSVÄGEN",202201,4970,187,0.037625754527163,65,0.0130784708249497,73,0.0146881287726358,21,0.00422535211267606,19,0.00382293762575453,9,0.00181086519114688,187,0.037625754527163,65,0.0130784708249497,65,0.0130784708249497,73,0.0146881287726358,21,0.00422535211267606,19,0.00382293762575453,9,0.00181086519114688,187,0.037625754527163,19,0.00382293762575453,82,0.0164989939637827,21,0.00422535211267606
"ÖRNSKÖLDSVIK DOMSJÖ",202234,6845,2057,0.300511322132944,883,0.12899926953981,186,0.027173119065011,97,0.0141709276844412,883,0.12899926953981,8,0.00116873630387144,2057,0.300511322132944,883,0.12899926953981,883,0.12899926953981,186,0.027173119065011,97,0.0141709276844412,883,0.12899926953981,8,0.00116873630387144,2057,0.300511322132944,883,0.12899926953981,194,0.0283418553688824,97,0.0141709276844412
"ÖRNSKÖLDSVIK DOMSJÖ",202233,7074,473,0.0668645744981623,103,0.0145603618886062,235,0.0332202431439073,28,0.00395815662991235,103,0.0145603618886062,4,0.000565450947130336,473,0.0668645744981623,103,0.0145603618886062,103,0.0145603618886062,235,0.0332202431439073,28,0.00395815662991235,103,0.0145603618886062,4,0.000565450947130336,473,0.0668645744981623,103,0.0145603618886062,239,0.0337856940910376,28,0.00395815662991235
"ÖRNSKÖLDSVIK DOMSJÖ",202232,6889,326,0.0473218173900421,88,0.0127739875163304,123,0.0178545507330527,23,0.0033386558281318,88,0.0127739875163304,4,0.000580635796196835,326,0.0473218173900421,88,0.0127739875163304,88,0.0127739875163304,123,0.0178545507330527,23,0.0033386558281318,88,0.0127739875163304,4,0.000580635796196835,326,0.0473218173900421,88,0.0127739875163304,127,0.0184351865292495,23,0.0033386558281318
"ÖRNSKÖLDSVIK DOMSJÖ",202231,6495,440,0.0677444187836797,111,0.0170900692840647,188,0.0289453425712086,27,0.00415704387990762,111,0.0170900692840647,3,0.00046189376443418,440,0.0677444187836797,111,0.0170900692840647,111,0.0170900692840647,188,0.0289453425712086,27,0.00415704387990762,111,0.0170900692840647,3,0.00046189376443418,440,0.0677444187836797,111,0.0170900692840647,191,0.0294072363356428,27,0.00415704387990762
"ÖRNSKÖLDSVIK DOMSJÖ",202230,6730,304,0.0451708766716196,97,0.0144130757800892,85,0.012630014858841,22,0.00326894502228826,97,0.0144130757800892,3,0.000445765230312036,304,0.0451708766716196,97,0.0144130757800892,97,0.0144130757800892,85,0.012630014858841,22,0.00326894502228826,97,0.0144130757800892,3,0.000445765230312036,304,0.0451708766716196,97,0.0144130757800892,88,0.013075780089153,22,0.00326894502228826
"ÖRNSKÖLDSVIK DOMSJÖ",202229,6957,359,0.0516027023142159,103,0.0148052321402904,131,0.0188299554405635,13,0.00186862153226966,103,0.0148052321402904,9,0.00129366106080207,359,0.0516027023142159,103,0.0148052321402904,103,0.0148052321402904,131,0.0188299554405635,13,0.00186862153226966,103,0.0148052321402904,9,0.00129366106080207,359,0.0516027023142159,103,0.0148052321402904,140,0.0201236165013655,13,0.00186862153226966
"ÖRNSKÖLDSVIK DOMSJÖ",202228,6781,447,0.0659194809025218,80,0.0117976699601829,257,0.0379000147470875,24,0.00353930098805486,80,0.0117976699601829,6,0.000884825247013715,447,0.0659194809025218,80,0.0117976699601829,80,0.0117976699601829,257,0.0379000147470875,24,0.00353930098805486,80,0.0117976699601829,6,0.000884825247013715,447,0.0659194809025218,80,0.0117976699601829,263,0.0387848399941012,24,0.00353930098805486
"ÖRNSKÖLDSVIK DOMSJÖ",202227,6596,551,0.0835354760460885,123,0.0186476652516677,268,0.0406306852637962,31,0.00469981807155852,123,0.0186476652516677,6,0.000909642207398423,551,0.0835354760460885,123,0.0186476652516677,123,0.0186476652516677,268,0.0406306852637962,31,0.00469981807155852,123,0.0186476652516677,6,0.000909642207398423,551,0.0835354760460885,123,0.0186476652516677,274,0.0415403274711947,31,0.00469981807155852
"ÖRNSKÖLDSVIK DOMSJÖ",202226,7080,412,0.0581920903954802,89,0.0125706214689266,201,0.0283898305084746,27,0.0038135593220339,89,0.0125706214689266,6,0.000847457627118644,412,0.0581920903954802,89,0.0125706214689266,89,0.0125706214689266,201,0.0283898305084746,27,0.0038135593220339,89,0.0125706214689266,6,0.000847457627118644,412,0.0581920903954802,89,0.0125706214689266,207,0.0292372881355932,27,0.0038135593220339
"ÖRNSKÖLDSVIK DOMSJÖ",202225,6808,309,0.0453877790834313,55,0.00807873090481786,174,0.0255581668625147,22,0.00323149236192714,55,0.00807873090481786,3,0.000440658049353702,309,0.0453877790834313,55,0.00807873090481786,55,0.00807873090481786,174,0.0255581668625147,22,0.00323149236192714,55,0.00807873090481786,3,0.000440658049353702,309,0.0453877790834313,55,0.00807873090481786,177,0.0259988249118684,22,0.00323149236192714
"ÖRNSKÖLDSVIK DOMSJÖ",202224,6850,349,0.0509489051094891,52,0.00759124087591241,197,0.0287591240875912,36,0.00525547445255474,52,0.00759124087591241,12,0.00175182481751825,349,0.0509489051094891,52,0.00759124087591241,52,0.00759124087591241,197,0.0287591240875912,36,0.00525547445255474,52,0.00759124087591241,12,0.00175182481751825,349,0.0509489051094891,52,0.00759124087591241,209,0.0305109489051095,36,0.00525547445255474
"ÖRNSKÖLDSVIK DOMSJÖ",202223,7105,405,0.0570021111893033,37,0.00520760028149191,278,0.0391273750879662,47,0.00661505981703026,37,0.00520760028149191,6,0.000844475721323012,405,0.0570021111893033,37,0.00520760028149191,37,0.00520760028149191,278,0.0391273750879662,47,0.00661505981703026,37,0.00520760028149191,6,0.000844475721323012,405,0.0570021111893033,37,0.00520760028149191,284,0.0399718508092892,47,0.00661505981703026
"ÖRNSKÖLDSVIK DOMSJÖ",202222,6681,323,0.0483460559796438,38,0.0056877712917228,212,0.0317317766801377,25,0.00374195479718605,38,0.0056877712917228,10,0.00149678191887442,323,0.0483460559796438,38,0.0056877712917228,38,0.0056877712917228,212,0.0317317766801377,25,0.00374195479718605,38,0.0056877712917228,10,0.00149678191887442,323,0.0483460559796438,38,0.0056877712917228,222,0.0332285585990121,25,0.00374195479718605
"ÖRNSKÖLDSVIK DOMSJÖ",202221,6428,394,0.0612943372744244,39,0.00606720597386434,281,0.0437149968886123,26,0.00404480398257623,39,0.00606720597386434,9,0.00140012445550716,394,0.0612943372744244,39,0.00606720597386434,39,0.00606720597386434,281,0.0437149968886123,26,0.00404480398257623,39,0.00606720597386434,9,0.00140012445550716,394,0.0612943372744244,39,0.00606720597386434,290,0.0451151213441195,26,0.00404480398257623
"ÖRNSKÖLDSVIK DOMSJÖ",202220,6787,395,0.0581994990422867,71,0.0104611757772212,208,0.0306468248121409,38,0.00559893914837189,71,0.0104611757772212,7,0.00103138352733166,395,0.0581994990422867,71,0.0104611757772212,71,0.0104611757772212,208,0.0306468248121409,38,0.00559893914837189,71,0.0104611757772212,7,0.00103138352733166,395,0.0581994990422867,71,0.0104611757772212,215,0.0316782083394725,38,0.00559893914837189
"ÖRNSKÖLDSVIK DOMSJÖ",202219,6248,273,0.0436939820742638,27,0.0043213828425096,182,0.0291293213828425,27,0.0043213828425096,27,0.0043213828425096,10,0.00160051216389245,273,0.0436939820742638,27,0.0043213828425096,27,0.0043213828425096,182,0.0291293213828425,27,0.0043213828425096,27,0.0043213828425096,10,0.00160051216389245,273,0.0436939820742638,27,0.0043213828425096,192,0.030729833546735,27,0.0043213828425096
"ÖRNSKÖLDSVIK DOMSJÖ",202218,6471,351,0.0542420027816412,50,0.00772678102302581,216,0.0333796940194715,32,0.00494513985473652,50,0.00772678102302581,3,0.000463606861381548,351,0.0542420027816412,50,0.00772678102302581,50,0.00772678102302581,216,0.0333796940194715,32,0.00494513985473652,50,0.00772678102302581,3,0.000463606861381548,351,0.0542420027816412,50,0.00772678102302581,219,0.033843300880853,32,0.00494513985473652
"ÖRNSKÖLDSVIK DOMSJÖ",202217,6200,385,0.0620967741935484,37,0.00596774193548387,210,0.0338709677419355,93,0.015,37,0.00596774193548387,8,0.00129032258064516,385,0.0620967741935484,37,0.00596774193548387,37,0.00596774193548387,210,0.0338709677419355,93,0.015,37,0.00596774193548387,8,0.00129032258064516,385,0.0620967741935484,37,0.00596774193548387,218,0.0351612903225806,93,0.015
"ÖRNSKÖLDSVIK DOMSJÖ",202216,6361,322,0.0506209715453545,44,0.00691715139129068,194,0.0304983493161453,31,0.00487344757113661,44,0.00691715139129068,9,0.00141487187549128,322,0.0506209715453545,44,0.00691715139129068,44,0.00691715139129068,194,0.0304983493161453,31,0.00487344757113661,44,0.00691715139129068,9,0.00141487187549128,322,0.0506209715453545,44,0.00691715139129068,203,0.0319132211916365,31,0.00487344757113661
"ÖRNSKÖLDSVIK DOMSJÖ",202215,5976,257,0.0430053547523427,28,0.00468540829986613,180,0.0301204819277108,21,0.0035140562248996,28,0.00468540829986613,0,0,257,0.0430053547523427,28,0.00468540829986613,28,0.00468540829986613,180,0.0301204819277108,21,0.0035140562248996,28,0.00468540829986613,0,0,257,0.0430053547523427,28,0.00468540829986613,180,0.0301204819277108,21,0.0035140562248996
"ÖRNSKÖLDSVIK DOMSJÖ",202214,5778,211,0.0365178262374524,44,0.00761509172724126,89,0.0154032537210107,23,0.00398061613014884,44,0.00761509172724126,11,0.00190377293181032,211,0.0365178262374524,44,0.00761509172724126,44,0.00761509172724126,89,0.0154032537210107,23,0.00398061613014884,44,0.00761509172724126,11,0.00190377293181032,211,0.0365178262374524,44,0.00761509172724126,100,0.017307026652821,23,0.00398061613014884
"ÖRNSKÖLDSVIK DOMSJÖ",202213,5938,284,0.0478275513640957,20,0.00336813742000674,204,0.0343550016840687,29,0.00488379925900977,20,0.00336813742000674,11,0.0018524755810037,284,0.0478275513640957,20,0.00336813742000674,20,0.00336813742000674,204,0.0343550016840687,29,0.00488379925900977,20,0.00336813742000674,11,0.0018524755810037,284,0.0478275513640957,20,0.00336813742000674,215,0.0362074772650724,29,0.00488379925900977
"ÖRNSKÖLDSVIK DOMSJÖ",202212,6046,335,0.0554085345683096,64,0.0105855110817069,176,0.029110155474694,28,0.00463116109824677,64,0.0105855110817069,3,0.000496195831955012,335,0.0554085345683096,64,0.0105855110817069,64,0.0105855110817069,176,0.029110155474694,28,0.00463116109824677,64,0.0105855110817069,3,0.000496195831955012,335,0.0554085345683096,64,0.0105855110817069,179,0.029606351306649,28,0.00463116109824677
"ÖRNSKÖLDSVIK DOMSJÖ",202211,6029,254,0.042129706418975,43,0.00713219439376348,144,0.0238845579698126,15,0.00248797478852214,43,0.00713219439376348,9,0.00149278487311329,254,0.042129706418975,43,0.00713219439376348,43,0.00713219439376348,144,0.0238845579698126,15,0.00248797478852214,43,0.00713219439376348,9,0.00149278487311329,254,0.042129706418975,43,0.00713219439376348,153,0.0253773428429259,15,0.00248797478852214
"ÖRNSKÖLDSVIK DOMSJÖ",202210,5635,199,0.0353149955634428,49,0.00869565217391304,77,0.0136645962732919,19,0.0033717834960071,49,0.00869565217391304,5,0.000887311446317658,199,0.0353149955634428,49,0.00869565217391304,49,0.00869565217391304,77,0.0136645962732919,19,0.0033717834960071,49,0.00869565217391304,5,0.000887311446317658,199,0.0353149955634428,49,0.00869565217391304,82,0.0145519077196096,19,0.0033717834960071
"ÖRNSKÖLDSVIK DOMSJÖ",202209,6017,277,0.0460362306797407,42,0.00698022270234336,85,0.0141266411833139,87,0.0144590327405684,42,0.00698022270234336,21,0.00349011135117168,277,0.0460362306797407,42,0.00698022270234336,42,0.00698022270234336,85,0.0141266411833139,87,0.0144590327405684,42,0.00698022270234336,21,0.00349011135117168,277,0.0460362306797407,42,0.00698022270234336,106,0.0176167525344856,87,0.0144590327405684
"ÖRNSKÖLDSVIK DOMSJÖ",202208,5963,221,0.0370618816032199,26,0.00436022136508469,145,0.0243166191514338,19,0.0031863156129465,26,0.00436022136508469,5,0.000838504108670132,221,0.0370618816032199,26,0.00436022136508469,26,0.00436022136508469,145,0.0243166191514338,19,0.0031863156129465,26,0.00436022136508469,5,0.000838504108670132,221,0.0370618816032199,26,0.00436022136508469,150,0.025155123260104,19,0.0031863156129465
"ÖRNSKÖLDSVIK DOMSJÖ",202207,5713,216,0.0378085069140557,19,0.00332574829336601,144,0.0252056712760371,29,0.0050761421319797,19,0.00332574829336601,5,0.000875196919306844,216,0.0378085069140557,19,0.00332574829336601,19,0.00332574829336601,144,0.0252056712760371,29,0.0050761421319797,19,0.00332574829336601,5,0.000875196919306844,216,0.0378085069140557,19,0.00332574829336601,149,0.026080868195344,29,0.0050761421319797
"ÖRNSKÖLDSVIK DOMSJÖ",202206,5679,415,0.0730762458179257,80,0.0140869871456242,222,0.0390913893291072,20,0.00352174678640606,80,0.0140869871456242,13,0.00228913541116394,415,0.0730762458179257,80,0.0140869871456242,80,0.0140869871456242,222,0.0390913893291072,20,0.00352174678640606,80,0.0140869871456242,13,0.00228913541116394,415,0.0730762458179257,80,0.0140869871456242,235,0.0413805247402712,20,0.00352174678640606
"ÖRNSKÖLDSVIK DOMSJÖ",202205,5443,1262,0.231857431563476,586,0.107661216241044,51,0.00936983281278707,28,0.00514422193643212,586,0.107661216241044,11,0.00202094433216976,1262,0.231857431563476,586,0.107661216241044,586,0.107661216241044,51,0.00936983281278707,28,0.00514422193643212,586,0.107661216241044,11,0.00202094433216976,1262,0.231857431563476,586,0.107661216241044,62,0.0113907771449568,28,0.00514422193643212
"ÖRNSKÖLDSVIK DOMSJÖ",202204,5640,216,0.0382978723404255,11,0.00195035460992908,64,0.0113475177304965,121,0.0214539007092199,11,0.00195035460992908,9,0.00159574468085106,216,0.0382978723404255,11,0.00195035460992908,11,0.00195035460992908,64,0.0113475177304965,121,0.0214539007092199,11,0.00195035460992908,9,0.00159574468085106,216,0.0382978723404255,11,0.00195035460992908,73,0.0129432624113475,121,0.0214539007092199
"ÖRNSKÖLDSVIK DOMSJÖ",202203,5595,159,0.0284182305630027,12,0.00214477211796247,101,0.0180518319928508,29,0.00518319928507596,12,0.00214477211796247,5,0.000893655049151028,159,0.0284182305630027,12,0.00214477211796247,12,0.00214477211796247,101,0.0180518319928508,29,0.00518319928507596,12,0.00214477211796247,5,0.000893655049151028,159,0.0284182305630027,12,0.00214477211796247,106,0.0189454870420018,29,0.00518319928507596
"ÖRNSKÖLDSVIK DOMSJÖ",202202,5780,169,0.0292387543252595,5,0.000865051903114187,127,0.0219723183391003,23,0.00397923875432526,5,0.000865051903114187,9,0.00155709342560554,169,0.0292387543252595,5,0.000865051903114187,5,0.000865051903114187,127,0.0219723183391003,23,0.00397923875432526,5,0.000865051903114187,9,0.00155709342560554,169,0.0292387543252595,5,0.000865051903114187,136,0.0235294117647059,23,0.00397923875432526
"ÖRNSKÖLDSVIK DOMSJÖ",202201,5254,240,0.0456794822992006,34,0.00647125999238675,128,0.0243623905595737,34,0.00647125999238675,34,0.00647125999238675,10,0.00190331176246669,240,0.0456794822992006,34,0.00647125999238675,34,0.00647125999238675,128,0.0243623905595737,34,0.00647125999238675,34,0.00647125999238675,10,0.00190331176246669,240,0.0456794822992006,34,0.00647125999238675,138,0.0262657023220404,34,0.00647125999238675
"NORRKÖPING LASARETTSGATAN",202234,6982,3010,0.431108564881123,1515,0.216986536808937,170,0.024348324262389,92,0.0131767401890576,1227,0.175737610999714,6,0.000859352621025494,3010,0.431108564881123,1515,0.216986536808937,1515,0.216986536808937,170,0.024348324262389,92,0.0131767401890576,1227,0.175737610999714,6,0.000859352621025494,3010,0.431108564881123,1227,0.175737610999714,176,0.0252076768834145,92,0.0131767401890576
"NORRKÖPING LASARETTSGATAN",202233,7540,358,0.0474801061007958,94,0.0124668435013263,149,0.0197612732095491,29,0.00384615384615385,82,0.0108753315649867,4,0.000530503978779841,358,0.0474801061007958,94,0.0124668435013263,94,0.0124668435013263,149,0.0197612732095491,29,0.00384615384615385,82,0.0108753315649867,4,0.000530503978779841,358,0.0474801061007958,82,0.0108753315649867,153,0.0202917771883289,29,0.00384615384615385
"NORRKÖPING LASARETTSGATAN",202232,6348,286,0.0450535601764335,88,0.0138626339004411,132,0.0207939508506616,18,0.00283553875236295,44,0.00693131695022054,4,0.000630119722747322,286,0.0450535601764335,88,0.0138626339004411,88,0.0138626339004411,132,0.0207939508506616,18,0.00283553875236295,44,0.00693131695022054,4,0.000630119722747322,286,0.0450535601764335,44,0.00693131695022054,136,0.0214240705734089,18,0.00283553875236295
"NORRKÖPING LASARETTSGATAN",202231,6109,356,0.0582746767064986,128,0.020952692748404,119,0.0194794565395318,21,0.00343755115403503,81,0.0132591258798494,7,0.00114585038467834,356,0.0582746767064986,128,0.020952692748404,128,0.020952692748404,119,0.0194794565395318,21,0.00343755115403503,81,0.0132591258798494,7,0.00114585038467834,356,0.0582746767064986,81,0.0132591258798494,126,0.0206253069242102,21,0.00343755115403503
"NORRKÖPING LASARETTSGATAN",202230,5886,507,0.0861365953109072,332,0.0564050288820931,100,0.0169894665307509,15,0.00254841997961264,52,0.00883452259599049,8,0.00135915732246007,507,0.0861365953109072,332,0.0564050288820931,332,0.0564050288820931,100,0.0169894665307509,15,0.00254841997961264,52,0.00883452259599049,8,0.00135915732246007,507,0.0861365953109072,52,0.00883452259599049,108,0.018348623853211,15,0.00254841997961264
"NORRKÖPING LASARETTSGATAN",202229,5895,228,0.038676844783715,71,0.0120441051738762,92,0.0156064461407973,21,0.00356234096692112,40,0.00678541136556404,4,0.000678541136556404,228,0.038676844783715,71,0.0120441051738762,71,0.0120441051738762,92,0.0156064461407973,21,0.00356234096692112,40,0.00678541136556404,4,0.000678541136556404,228,0.038676844783715,40,0.00678541136556404,96,0.0162849872773537,21,0.00356234096692112
"NORRKÖPING LASARETTSGATAN",202228,5799,288,0.049663735126746,81,0.0139679255043973,116,0.0200034488704949,22,0.00379375754440421,63,0.0108639420589757,6,0.00103466114847387,288,0.049663735126746,81,0.0139679255043973,81,0.0139679255043973,116,0.0200034488704949,22,0.00379375754440421,63,0.0108639420589757,6,0.00103466114847387,288,0.049663735126746,63,0.0108639420589757,122,0.0210381100189688,22,0.00379375754440421
"NORRKÖPING LASARETTSGATAN",202227,5966,321,0.0538048944016091,116,0.019443513241703,99,0.0165940328528327,16,0.00268186389540731,83,0.0139121689574254,7,0.0011733154542407,321,0.0538048944016091,116,0.019443513241703,116,0.019443513241703,99,0.0165940328528327,16,0.00268186389540731,83,0.0139121689574254,7,0.0011733154542407,321,0.0538048944016091,83,0.0139121689574254,106,0.0177673483070734,16,0.00268186389540731
"NORRKÖPING LASARETTSGATAN",202226,6408,324,0.050561797752809,109,0.0170099875156055,126,0.0196629213483146,17,0.00265293383270911,62,0.00967540574282147,10,0.0015605493133583,324,0.050561797752809,109,0.0170099875156055,109,0.0170099875156055,126,0.0196629213483146,17,0.00265293383270911,62,0.00967540574282147,10,0.0015605493133583,324,0.050561797752809,62,0.00967540574282147,136,0.0212234706616729,17,0.00265293383270911
"NORRKÖPING LASARETTSGATAN",202225,5712,284,0.0497198879551821,100,0.0175070028011204,91,0.0159313725490196,22,0.0038515406162465,58,0.0101540616246499,13,0.00227591036414566,284,0.0497198879551821,100,0.0175070028011204,100,0.0175070028011204,91,0.0159313725490196,22,0.0038515406162465,58,0.0101540616246499,13,0.00227591036414566,284,0.0497198879551821,58,0.0101540616246499,104,0.0182072829131653,22,0.0038515406162465
"NORRKÖPING LASARETTSGATAN",202224,7122,644,0.0904240381915192,386,0.0541982589160348,120,0.016849199663016,46,0.0064588598708228,76,0.0106711597865768,16,0.0022465599550688,644,0.0904240381915192,386,0.0541982589160348,386,0.0541982589160348,120,0.016849199663016,46,0.0064588598708228,76,0.0106711597865768,16,0.0022465599550688,644,0.0904240381915192,76,0.0106711597865768,136,0.0190957596180848,46,0.0064588598708228
"NORRKÖPING LASARETTSGATAN",202223,6812,391,0.0573987081620669,83,0.0121843805049912,171,0.0251027598355843,88,0.0129183793305931,42,0.00616559013505578,7,0.00102759835584263,391,0.0573987081620669,83,0.0121843805049912,83,0.0121843805049912,171,0.0251027598355843,88,0.0129183793305931,42,0.00616559013505578,7,0.00102759835584263,391,0.0573987081620669,42,0.00616559013505578,178,0.0261303581914269,88,0.0129183793305931
"NORRKÖPING LASARETTSGATAN",202222,7118,442,0.0620960944085417,107,0.0150323124473167,240,0.0337173363304299,24,0.00337173363304299,63,0.00885080078673785,8,0.00112391121101433,442,0.0620960944085417,107,0.0150323124473167,107,0.0150323124473167,240,0.0337173363304299,24,0.00337173363304299,63,0.00885080078673785,8,0.00112391121101433,442,0.0620960944085417,63,0.00885080078673785,248,0.0348412475414442,24,0.00337173363304299
"NORRKÖPING LASARETTSGATAN",202221,6721,400,0.0595149531319744,146,0.0217229578931707,120,0.0178544859395923,36,0.0053563457818777,93,0.0138372266031841,5,0.00074393691414968,400,0.0595149531319744,146,0.0217229578931707,146,0.0217229578931707,120,0.0178544859395923,36,0.0053563457818777,93,0.0138372266031841,5,0.00074393691414968,400,0.0595149531319744,93,0.0138372266031841,125,0.018598422853742,36,0.0053563457818777
"NORRKÖPING LASARETTSGATAN",202220,7102,646,0.0909602928752464,252,0.0354829625457618,160,0.0225288651084202,18,0.00253449732469727,212,0.0298507462686567,4,0.000563221627710504,646,0.0909602928752464,252,0.0354829625457618,252,0.0354829625457618,160,0.0225288651084202,18,0.00253449732469727,212,0.0298507462686567,4,0.000563221627710504,646,0.0909602928752464,212,0.0298507462686567,164,0.0230920867361307,18,0.00253449732469727
"NORRKÖPING LASARETTSGATAN",202219,6837,423,0.0618692408951294,147,0.0215006581834138,119,0.0174052947199064,41,0.00599678221442153,102,0.014918824045634,14,0.00204768173175369,423,0.0618692408951294,147,0.0215006581834138,147,0.0215006581834138,119,0.0174052947199064,41,0.00599678221442153,102,0.014918824045634,14,0.00204768173175369,423,0.0618692408951294,102,0.014918824045634,133,0.0194529764516601,41,0.00599678221442153
"NORRKÖPING LASARETTSGATAN",202218,6883,651,0.0945808513729478,344,0.049978207177103,117,0.0169984018596542,24,0.00348685166351881,158,0.0229551067848322,8,0.0011622838878396,651,0.0945808513729478,344,0.049978207177103,344,0.049978207177103,117,0.0169984018596542,24,0.00348685166351881,158,0.0229551067848322,8,0.0011622838878396,651,0.0945808513729478,158,0.0229551067848322,125,0.0181606857474938,24,0.00348685166351881
"NORRKÖPING LASARETTSGATAN",202217,6938,539,0.077688094551744,157,0.0226289997117325,134,0.0193139233208417,130,0.018737388296339,107,0.0154223119054483,11,0.00158547131738253,539,0.077688094551744,157,0.0226289997117325,157,0.0226289997117325,134,0.0193139233208417,130,0.018737388296339,107,0.0154223119054483,11,0.00158547131738253,539,0.077688094551744,107,0.0154223119054483,145,0.0208993946382243,130,0.018737388296339
"NORRKÖPING LASARETTSGATAN",202216,6675,972,0.14561797752809,177,0.0265168539325843,645,0.0966292134831461,24,0.00359550561797753,118,0.0176779026217228,8,0.00119850187265918,972,0.14561797752809,177,0.0265168539325843,177,0.0265168539325843,645,0.0966292134831461,24,0.00359550561797753,118,0.0176779026217228,8,0.00119850187265918,972,0.14561797752809,118,0.0176779026217228,653,0.0978277153558052,24,0.00359550561797753
"NORRKÖPING LASARETTSGATAN",202215,5908,283,0.0479011509817197,105,0.0177725118483412,83,0.0140487474610697,17,0.00287745429925525,69,0.0116790792146242,9,0.00152335815842925,283,0.0479011509817197,105,0.0177725118483412,105,0.0177725118483412,83,0.0140487474610697,17,0.00287745429925525,69,0.0116790792146242,9,0.00152335815842925,283,0.0479011509817197,69,0.0116790792146242,92,0.015572105619499,17,0.00287745429925525
"NORRKÖPING LASARETTSGATAN",202214,6339,381,0.0601041173686701,142,0.0224010096229689,89,0.0140400694115791,22,0.00347057895567124,121,0.0190881842561918,7,0.00110427512225903,381,0.0601041173686701,142,0.0224010096229689,142,0.0224010096229689,89,0.0140400694115791,22,0.00347057895567124,121,0.0190881842561918,7,0.00110427512225903,381,0.0601041173686701,121,0.0190881842561918,96,0.0151443445338381,22,0.00347057895567124
"NORRKÖPING LASARETTSGATAN",202213,6836,825,0.120684610883558,543,0.0794324166179052,129,0.0188706846108836,24,0.00351082504388531,103,0.0150672908133411,26,0.00380339379754242,825,0.120684610883558,543,0.0794324166179052,543,0.0794324166179052,129,0.0188706846108836,24,0.00351082504388531,103,0.0150672908133411,26,0.00380339379754242,825,0.120684610883558,103,0.0150672908133411,155,0.022674078408426,24,0.00351082504388531
"NORRKÖPING LASARETTSGATAN",202212,6839,367,0.053662816201199,110,0.0160842228395964,169,0.0247112150899254,21,0.00307062436028659,46,0.00672612955110396,21,0.00307062436028659,367,0.053662816201199,110,0.0160842228395964,110,0.0160842228395964,169,0.0247112150899254,21,0.00307062436028659,46,0.00672612955110396,21,0.00307062436028659,367,0.053662816201199,46,0.00672612955110396,190,0.027781839450212,21,0.00307062436028659
"NORRKÖPING LASARETTSGATAN",202211,6639,386,0.058141286338304,110,0.0165687603554752,168,0.0253050158156349,21,0.00316312697695436,64,0.00964000602500377,23,0.00346437716523573,386,0.058141286338304,110,0.0165687603554752,110,0.0165687603554752,168,0.0253050158156349,21,0.00316312697695436,64,0.00964000602500377,23,0.00346437716523573,386,0.058141286338304,64,0.00964000602500377,191,0.0287693929808706,21,0.00316312697695436
"NORRKÖPING LASARETTSGATAN",202210,6855,421,0.0614150255288111,117,0.0170678336980306,142,0.0207148067104303,47,0.00685630926331145,76,0.0110867979576951,39,0.00568927789934354,421,0.0614150255288111,117,0.0170678336980306,117,0.0170678336980306,142,0.0207148067104303,47,0.00685630926331145,76,0.0110867979576951,39,0.00568927789934354,421,0.0614150255288111,76,0.0110867979576951,181,0.0264040846097739,47,0.00685630926331145
"NORRKÖPING LASARETTSGATAN",202209,6700,462.615,0.0690470149253731,132.615,0.0197932835820896,120,0.017910447761194,107,0.0159701492537313,80,0.0119402985074627,23,0.00343283582089552,462.615,0.0690470149253731,132.615,0.0197932835820896,132.615,0.0197932835820896,120,0.017910447761194,107,0.0159701492537313,80,0.0119402985074627,23,0.00343283582089552,462.615,0.0690470149253731,80,0.0119402985074627,143,0.0213432835820896,107,0.0159701492537313
"NORRKÖPING LASARETTSGATAN",202208,6320,711,0.1125,498,0.0787974683544304,125,0.0197784810126582,17,0.00268987341772152,52,0.00822784810126582,19,0.00300632911392405,711,0.1125,498,0.0787974683544304,498,0.0787974683544304,125,0.0197784810126582,17,0.00268987341772152,52,0.00822784810126582,19,0.00300632911392405,711,0.1125,52,0.00822784810126582,144,0.0227848101265823,17,0.00268987341772152
"NORRKÖPING LASARETTSGATAN",202207,6839,349,0.0510308524638105,97,0.0141833601403714,151,0.0220792513525369,34,0.00497148705951162,44,0.00643368913583857,23,0.00336306477555198,349,0.0510308524638105,97,0.0141833601403714,97,0.0141833601403714,151,0.0220792513525369,34,0.00497148705951162,44,0.00643368913583857,23,0.00336306477555198,349,0.0510308524638105,44,0.00643368913583857,174,0.0254423161280889,34,0.00497148705951162
"NORRKÖPING LASARETTSGATAN",202206,6444,302,0.0468653010552452,73,0.0113283674736189,125,0.0193978895096214,30,0.00465549348230913,49,0.00760397268777157,25,0.00387957790192427,302,0.0468653010552452,73,0.0113283674736189,73,0.0113283674736189,125,0.0193978895096214,30,0.00465549348230913,49,0.00760397268777157,25,0.00387957790192427,302,0.0468653010552452,49,0.00760397268777157,150,0.0232774674115456,30,0.00465549348230913
"NORRKÖPING LASARETTSGATAN",202205,6572,2520,0.383444917833232,1238,0.188374923919659,50,0.0076080340839927,29,0.00441265976871576,1177,0.179093122337188,26,0.0039561777236762,2520,0.383444917833232,1238,0.188374923919659,1238,0.188374923919659,50,0.0076080340839927,29,0.00441265976871576,1177,0.179093122337188,26,0.0039561777236762,2520,0.383444917833232,1177,0.179093122337188,76,0.0115642118076689,29,0.00441265976871576
"NORRKÖPING LASARETTSGATAN",202204,6362,832,0.130776485381955,562,0.0883370009430997,49,0.00770198050927381,126,0.0198050927381327,60,0.00943099654196793,35,0.0055014146494813,832,0.130776485381955,562,0.0883370009430997,562,0.0883370009430997,49,0.00770198050927381,126,0.0198050927381327,60,0.00943099654196793,35,0.0055014146494813,832,0.130776485381955,60,0.00943099654196793,84,0.0132033951587551,126,0.0198050927381327
"NORRKÖPING LASARETTSGATAN",202203,6351,258,0.0406235238545111,79,0.0124389859864588,86,0.0135411746181704,37,0.00582585419618958,31,0.00488112108329397,25,0.00393638797039836,258,0.0406235238545111,79,0.0124389859864588,79,0.0124389859864588,86,0.0135411746181704,37,0.00582585419618958,31,0.00488112108329397,25,0.00393638797039836,258,0.0406235238545111,31,0.00488112108329397,111,0.0174775625885687,37,0.00582585419618958
"NORRKÖPING LASARETTSGATAN",202202,6500,202,0.0310769230769231,80,0.0123076923076923,53,0.00815384615384615,26,0.004,20,0.00307692307692308,23,0.00353846153846154,202,0.0310769230769231,80,0.0123076923076923,80,0.0123076923076923,53,0.00815384615384615,26,0.004,20,0.00307692307692308,23,0.00353846153846154,202,0.0310769230769231,20,0.00307692307692308,76,0.0116923076923077,26,0.004
"NORRKÖPING LASARETTSGATAN",202201,5786,260,0.0449360525406153,98,0.0169374351883858,77,0.0133079847908745,17,0.002938126512271,50,0.00864154856550294,18,0.00311095748358106,260,0.0449360525406153,98,0.0169374351883858,98,0.0169374351883858,77,0.0133079847908745,17,0.002938126512271,50,0.00864154856550294,18,0.00311095748358106,260,0.0449360525406153,50,0.00864154856550294,95,0.0164189422744556,17,0.002938126512271
"DALA-JÄRNA MYRBACKA",202234,6234,1708,0.273981392364453,845,0.135547000320821,105,0.0168431183830606,84,0.0134744947064485,669,0.107314725697786,5,0.000802053256336221,1708,0.273981392364453,845,0.135547000320821,845,0.135547000320821,105,0.0168431183830606,84,0.0134744947064485,669,0.107314725697786,5,0.000802053256336221,1708,0.273981392364453,669,0.107314725697786,110,0.0176451716393969,84,0.0134744947064485
"DALA-JÄRNA MYRBACKA",202233,6594,344,0.0521686381558993,139,0.0210797694874128,75,0.0113739763421292,19,0.00288140734000607,106,0.0160752198968759,5,0.000758265089475281,344,0.0521686381558993,139,0.0210797694874128,139,0.0210797694874128,75,0.0113739763421292,19,0.00288140734000607,106,0.0160752198968759,5,0.000758265089475281,344,0.0521686381558993,106,0.0160752198968759,80,0.0121322414316045,19,0.00288140734000607
"DALA-JÄRNA MYRBACKA",202232,6945,321,0.0462203023758099,124,0.0178545716342693,106,0.0152627789776818,21,0.00302375809935205,63,0.00907127429805616,7,0.00100791936645068,321,0.0462203023758099,124,0.0178545716342693,124,0.0178545716342693,106,0.0152627789776818,21,0.00302375809935205,63,0.00907127429805616,7,0.00100791936645068,321,0.0462203023758099,63,0.00907127429805616,113,0.0162706983441325,21,0.00302375809935205
"DALA-JÄRNA MYRBACKA",202231,8564,454,0.0530126109294722,172,0.0200840728631481,148,0.017281644091546,19,0.00221858944418496,95,0.0110929472209248,20,0.00233535730966838,454,0.0530126109294722,172,0.0200840728631481,172,0.0200840728631481,148,0.017281644091546,19,0.00221858944418496,95,0.0110929472209248,20,0.00233535730966838,454,0.0530126109294722,95,0.0110929472209248,168,0.0196170014012144,19,0.00221858944418496
"DALA-JÄRNA MYRBACKA",202230,6756,502,0.0743043220840734,257,0.038040260509177,130,0.0192421551213736,13,0.00192421551213736,90,0.0133214920071048,12,0.00177619893428064,502,0.0743043220840734,257,0.038040260509177,257,0.038040260509177,130,0.0192421551213736,13,0.00192421551213736,90,0.0133214920071048,12,0.00177619893428064,502,0.0743043220840734,90,0.0133214920071048,142,0.0210183540556542,13,0.00192421551213736
"DALA-JÄRNA MYRBACKA",202229,6925,331,0.0477978339350181,135,0.0194945848375451,91,0.0131407942238267,21,0.00303249097472924,78,0.0112635379061372,6,0.000866425992779783,331,0.0477978339350181,135,0.0194945848375451,135,0.0194945848375451,91,0.0131407942238267,21,0.00303249097472924,78,0.0112635379061372,6,0.000866425992779783,331,0.0477978339350181,78,0.0112635379061372,97,0.0140072202166065,21,0.00303249097472924
"DALA-JÄRNA MYRBACKA",202228,6918,321,0.0464006938421509,136,0.0196588609424689,85,0.0122867880890431,12,0.00173460537727667,83,0.0119976871928303,5,0.000722752240531946,321,0.0464006938421509,136,0.0196588609424689,136,0.0196588609424689,85,0.0122867880890431,12,0.00173460537727667,83,0.0119976871928303,5,0.000722752240531946,321,0.0464006938421509,83,0.0119976871928303,90,0.013009540329575,12,0.00173460537727667
"DALA-JÄRNA MYRBACKA",202227,6691,291,0.0434912569122702,114,0.0170378119862502,77,0.0115079958152742,16,0.00239127185771932,78,0.0116574503063817,6,0.000896726946644747,291,0.0434912569122702,114,0.0170378119862502,114,0.0170378119862502,77,0.0115079958152742,16,0.00239127185771932,78,0.0116574503063817,6,0.000896726946644747,291,0.0434912569122702,78,0.0116574503063817,83,0.012404722761919,16,0.00239127185771932
"DALA-JÄRNA MYRBACKA",202226,6440,293,0.0454968944099379,130,0.0201863354037267,61,0.00947204968944099,22,0.00341614906832298,76,0.0118012422360248,4,0.00062111801242236,293,0.0454968944099379,130,0.0201863354037267,130,0.0201863354037267,61,0.00947204968944099,22,0.00341614906832298,76,0.0118012422360248,4,0.00062111801242236,293,0.0454968944099379,76,0.0118012422360248,65,0.0100931677018634,22,0.00341614906832298
"DALA-JÄRNA MYRBACKA",202225,7114,232,0.0326117514759629,110,0.0154624683722238,51,0.00716896260894012,17,0.00238965420298004,52,0.00730953050323306,2,0.000281135788585887,232,0.0326117514759629,110,0.0154624683722238,110,0.0154624683722238,51,0.00716896260894012,17,0.00238965420298004,52,0.00730953050323306,2,0.000281135788585887,232,0.0326117514759629,52,0.00730953050323306,53,0.007450098397526,17,0.00238965420298004
"DALA-JÄRNA MYRBACKA",202224,6466,417,0.0644911846582122,273,0.0422208475100526,64,0.00989792762140427,21,0.00324775750077328,48,0.0074234457160532,11,0.00170120630992886,417,0.0644911846582122,273,0.0422208475100526,273,0.0422208475100526,64,0.00989792762140427,21,0.00324775750077328,48,0.0074234457160532,11,0.00170120630992886,417,0.0644911846582122,48,0.0074234457160532,75,0.0115991339313331,21,0.00324775750077328
"DALA-JÄRNA MYRBACKA",202223,6551,335,0.0511372309571058,145,0.0221340253396428,49,0.00747977408029309,54,0.00824301633338422,83,0.0126698214013128,4,0.000610593802472905,335,0.0511372309571058,145,0.0221340253396428,145,0.0221340253396428,49,0.00747977408029309,54,0.00824301633338422,83,0.0126698214013128,4,0.000610593802472905,335,0.0511372309571058,83,0.0126698214013128,53,0.00809036788276599,54,0.00824301633338422
"DALA-JÄRNA MYRBACKA",202222,6388,301,0.0471195992485911,118,0.0184721352536005,79,0.0123669380087664,25,0.00391358797745773,74,0.0115842204132749,5,0.000782717595491547,301,0.0471195992485911,118,0.0184721352536005,118,0.0184721352536005,79,0.0123669380087664,25,0.00391358797745773,74,0.0115842204132749,5,0.000782717595491547,301,0.0471195992485911,74,0.0115842204132749,84,0.013149655604258,25,0.00391358797745773
"DALA-JÄRNA MYRBACKA",202221,6696,345,0.0515232974910394,129,0.0192652329749104,100,0.0149342891278375,22,0.00328554360812425,89,0.0132915173237754,5,0.000746714456391876,345,0.0515232974910394,129,0.0192652329749104,129,0.0192652329749104,100,0.0149342891278375,22,0.00328554360812425,89,0.0132915173237754,5,0.000746714456391876,345,0.0515232974910394,89,0.0132915173237754,105,0.0156810035842294,22,0.00328554360812425
"DALA-JÄRNA MYRBACKA",202220,6254,415,0.0663575311800448,163,0.0260633194755357,89,0.0142308922289735,25,0.00399744163735209,132,0.0211064918452191,6,0.000959385992964503,415,0.0663575311800448,163,0.0260633194755357,163,0.0260633194755357,89,0.0142308922289735,25,0.00399744163735209,132,0.0211064918452191,6,0.000959385992964503,415,0.0663575311800448,132,0.0211064918452191,95,0.015190278221938,25,0.00399744163735209
"DALA-JÄRNA MYRBACKA",202219,5942,260,0.0437563110063952,104,0.0175025244025581,60,0.010097610232245,21,0.00353416358128576,74,0.0124537192864355,1,0.000168293503870751,260,0.0437563110063952,104,0.0175025244025581,104,0.0175025244025581,60,0.010097610232245,21,0.00353416358128576,74,0.0124537192864355,1,0.000168293503870751,260,0.0437563110063952,74,0.0124537192864355,61,0.0102659037361158,21,0.00353416358128576
"DALA-JÄRNA MYRBACKA",202218,5969,254,0.0425531914893617,114,0.0190986764952253,38,0.00636622549840844,31,0.00519349974870162,55,0.00921427374769643,16,0.00268051599932987,254,0.0425531914893617,114,0.0190986764952253,114,0.0190986764952253,38,0.00636622549840844,31,0.00519349974870162,55,0.00921427374769643,16,0.00268051599932987,254,0.0425531914893617,55,0.00921427374769643,54,0.00904674149773831,31,0.00519349974870162
"DALA-JÄRNA MYRBACKA",202217,5962,363,0.0608856088560886,132,0.022140221402214,40,0.00670915800067092,107,0.0179469976517947,80,0.0134183160013418,4,0.000670915800067092,363,0.0608856088560886,132,0.022140221402214,132,0.022140221402214,40,0.00670915800067092,107,0.0179469976517947,80,0.0134183160013418,4,0.000670915800067092,363,0.0608856088560886,80,0.0134183160013418,44,0.00738007380073801,107,0.0179469976517947
"DALA-JÄRNA MYRBACKA",202216,5813,215,0.0369860657147772,91,0.0156545673490452,52,0.00894546705659728,13,0.00223636676414932,47,0.00808532599346293,12,0.00206433855152245,215,0.0369860657147772,91,0.0156545673490452,91,0.0156545673490452,52,0.00894546705659728,13,0.00223636676414932,47,0.00808532599346293,12,0.00206433855152245,215,0.0369860657147772,47,0.00808532599346293,64,0.0110098056081197,13,0.00223636676414932
"DALA-JÄRNA MYRBACKA",202215,6412,280,0.0436681222707424,132,0.0205864004990643,45,0.00701809107922645,21,0.00327510917030568,69,0.0107610729881472,13,0.00202744853399875,280,0.0436681222707424,132,0.0205864004990643,132,0.0205864004990643,45,0.00701809107922645,21,0.00327510917030568,69,0.0107610729881472,13,0.00202744853399875,280,0.0436681222707424,69,0.0107610729881472,58,0.0090455396132252,21,0.00327510917030568
"DALA-JÄRNA MYRBACKA",202214,5589,373,0.0667382358203614,171,0.0305958132045089,42,0.00751476113794954,22,0.00393630345321167,121,0.0216496689926642,17,0.0030416890320272,373,0.0667382358203614,171,0.0305958132045089,171,0.0305958132045089,42,0.00751476113794954,22,0.00393630345321167,121,0.0216496689926642,17,0.0030416890320272,373,0.0667382358203614,121,0.0216496689926642,59,0.0105564501699767,22,0.00393630345321167
"DALA-JÄRNA MYRBACKA",202213,5669,504,0.088904568707003,355,0.0626212735932263,40,0.00705591815134944,22,0.00388075498324219,72,0.012700652672429,15,0.00264596930675604,504,0.088904568707003,355,0.0626212735932263,355,0.0626212735932263,40,0.00705591815134944,22,0.00388075498324219,72,0.012700652672429,15,0.00264596930675604,504,0.088904568707003,72,0.012700652672429,55,0.00970188745810549,22,0.00388075498324219
"DALA-JÄRNA MYRBACKA",202212,5721,275,0.0480685194895997,120,0.0209753539590981,34,0.00594301695507778,23,0.00402027617549379,91,0.0159063100856494,7,0.00122356231428072,275,0.0480685194895997,120,0.0209753539590981,120,0.0209753539590981,34,0.00594301695507778,23,0.00402027617549379,91,0.0159063100856494,7,0.00122356231428072,275,0.0480685194895997,91,0.0159063100856494,41,0.0071665792693585,23,0.00402027617549379
"DALA-JÄRNA MYRBACKA",202211,5572,397,0.0712491026561378,174,0.0312275664034458,46,0.00825556353194544,25,0.00448671931083991,133,0.0238693467336683,19,0.00340990667623833,397,0.0712491026561378,174,0.0312275664034458,174,0.0312275664034458,46,0.00825556353194544,25,0.00448671931083991,133,0.0238693467336683,19,0.00340990667623833,397,0.0712491026561378,133,0.0238693467336683,65,0.0116654702081838,25,0.00448671931083991
"DALA-JÄRNA MYRBACKA",202210,5436,329,0.0605224429727741,143,0.0263061074319352,51,0.00938189845474614,19,0.00349521707137601,101,0.018579838116262,15,0.00275938189845475,329,0.0605224429727741,143,0.0263061074319352,143,0.0263061074319352,51,0.00938189845474614,19,0.00349521707137601,101,0.018579838116262,15,0.00275938189845475,329,0.0605224429727741,101,0.018579838116262,66,0.0121412803532009,19,0.00349521707137601
"DALA-JÄRNA MYRBACKA",202209,5710,403,0.0705779334500876,133,0.023292469352014,52,0.00910683012259194,106,0.0185639229422067,86,0.015061295971979,26,0.00455341506129597,403,0.0705779334500876,133,0.023292469352014,133,0.023292469352014,52,0.00910683012259194,106,0.0185639229422067,86,0.015061295971979,26,0.00455341506129597,403,0.0705779334500876,86,0.015061295971979,78,0.0136602451838879,106,0.0185639229422067
"DALA-JÄRNA MYRBACKA",202208,5679,549,0.0966719492868463,362,0.0637436168339496,70,0.0123261137524212,26,0.00457827082232787,75,0.0132065504490227,16,0.00281739742912485,549,0.0966719492868463,362,0.0637436168339496,362,0.0637436168339496,70,0.0123261137524212,26,0.00457827082232787,75,0.0132065504490227,16,0.00281739742912485,549,0.0966719492868463,75,0.0132065504490227,86,0.015143511181546,26,0.00457827082232787
"DALA-JÄRNA MYRBACKA",202207,5553,347,0.0624887448226184,148,0.0266522600396182,57,0.0102647217720151,32,0.00576265081937691,107,0.0192688636772916,3,0.000540248514316586,347,0.0624887448226184,148,0.0266522600396182,148,0.0266522600396182,57,0.0102647217720151,32,0.00576265081937691,107,0.0192688636772916,3,0.000540248514316586,347,0.0624887448226184,107,0.0192688636772916,60,0.0108049702863317,32,0.00576265081937691
"DALA-JÄRNA MYRBACKA",202206,5426,276,0.0508661997788426,113,0.0208256542572798,39,0.0071876151861408,25,0.00460744563214154,75,0.0138223368964246,24,0.00442314780685588,276,0.0508661997788426,113,0.0208256542572798,113,0.0208256542572798,39,0.0071876151861408,25,0.00460744563214154,75,0.0138223368964246,24,0.00442314780685588,276,0.0508661997788426,75,0.0138223368964246,63,0.0116107629929967,25,0.00460744563214154
"DALA-JÄRNA MYRBACKA",202205,5193,432,0.0831889081455806,200,0.0385133834007318,28,0.00539187367610245,23,0.00442903909108415,166,0.0319661082226074,15,0.00288850375505488,432,0.0831889081455806,200,0.0385133834007318,200,0.0385133834007318,28,0.00539187367610245,23,0.00442903909108415,166,0.0319661082226074,15,0.00288850375505488,432,0.0831889081455806,166,0.0319661082226074,43,0.00828037743115733,23,0.00442903909108415
"DALA-JÄRNA MYRBACKA",202204,5189,511,0.0984775486606283,266,0.0512622856041627,30,0.00578146078242436,117,0.022547697051455,82,0.0158026594719599,16,0.00308344575062632,511,0.0984775486606283,266,0.0512622856041627,266,0.0512622856041627,30,0.00578146078242436,117,0.022547697051455,82,0.0158026594719599,16,0.00308344575062632,511,0.0984775486606283,82,0.0158026594719599,46,0.00886490653305068,117,0.022547697051455
"DALA-JÄRNA MYRBACKA",202203,5169,345,0.0667440510737086,161,0.0311472238343974,56,0.0108338169858773,24,0.00464306442251886,94,0.0181853356548655,10,0.00193461017604953,345,0.0667440510737086,161,0.0311472238343974,161,0.0311472238343974,56,0.0108338169858773,24,0.00464306442251886,94,0.0181853356548655,10,0.00193461017604953,345,0.0667440510737086,94,0.0181853356548655,66,0.0127684271619269,24,0.00464306442251886
"DALA-JÄRNA MYRBACKA",202202,5264,449.33,0.0853590425531915,196.33,0.0372967325227963,46,0.00873860182370821,32,0.0060790273556231,163,0.0309650455927052,12,0.00227963525835866,449.33,0.0853590425531915,196.33,0.0372967325227963,196.33,0.0372967325227963,46,0.00873860182370821,32,0.0060790273556231,163,0.0309650455927052,12,0.00227963525835866,449.33,0.0853590425531915,163,0.0309650455927052,58,0.0110182370820669,32,0.0060790273556231
"DALA-JÄRNA MYRBACKA",202201,5430,531.668,0.0979130755064457,230.668,0.0424802946593002,42,0.00773480662983425,42,0.00773480662983425,208,0.0383057090239411,9,0.00165745856353591,531.668,0.0979130755064457,230.668,0.0424802946593002,230.668,0.0424802946593002,42,0.00773480662983425,42,0.00773480662983425,208,0.0383057090239411,9,0.00165745856353591,531.668,0.0979130755064457,208,0.0383057090239411,51,0.00939226519337017,42,0.00773480662983425
